epoch,time,train/box_loss,train/pose_loss,train/kobj_loss,train/cls_loss,train/dfl_loss,metrics/precision(B),metrics/recall(B),metrics/mAP50(B),metrics/mAP50-95(B),metrics/precision(P),metrics/recall(P),metrics/mAP50(P),metrics/mAP50-95(P),val/box_loss,val/pose_loss,val/kobj_loss,val/cls_loss,val/dfl_loss,lr/pg0,lr/pg1,lr/pg2
1,13.6974,4.32544,9.8497,0.79856,4.56527,2.65711,0.00409,0.03267,0.00361,0.00134,0,0,0,0,2.77076,9.29109,0.71933,4.00862,1.4487,0.00013,0.00013,0.00013
2,17.8169,2.50357,8.87403,0.767,3.65225,1.28976,0.67424,0.08717,0.07959,0.03164,0.60063,0.001,9e-05,1e-05,2.16753,8.92275,0.71886,2.35678,1.22724,0.000268663,0.000268663,0.000268663
3,21.6902,2.17756,7.8946,0.75811,2.33845,1.22881,0.93205,0.06849,0.11391,0.04627,0.8016,0.00498,0.00073,8e-05,1.95532,8.42283,0.72239,7.616,1.17636,0.000405941,0.000405941,0.000405941
4,25.5198,2.10813,7.43767,0.75778,1.93624,1.18663,0.674,0.18406,0.12026,0.05151,0.60536,0.01333,0.00132,0.00015,1.87866,7.95404,0.72329,6.08931,1.14693,0.000541832,0.000541832,0.000541832
5,29.3698,2.01606,7.0291,0.74378,1.73561,1.1397,0.49575,0.17086,0.14123,0.05973,0.41644,0.02889,0.00745,0.00082,1.9294,7.51122,0.72612,5.05666,1.15978,0.000676338,0.000676338,0.000676338
6,33.413,1.953,6.62099,0.72584,1.65827,1.14539,0.53543,0.24091,0.16867,0.07699,0.26029,0.15472,0.05077,0.00801,1.82965,6.40508,0.72769,6.06552,1.12627,0.000809458,0.000809458,0.000809458
7,37.2348,1.87309,6.22927,0.71518,1.53131,1.13339,0.53989,0.26502,0.17114,0.06968,0.48141,0.16835,0.07524,0.01272,2.01733,6.16426,0.72471,6.6144,1.18049,0.000941191,0.000941191,0.000941191
8,41.0388,1.8658,5.85345,0.69555,1.49866,1.11115,0.73982,0.3151,0.18378,0.08888,0.68543,0.15459,0.07635,0.01433,1.74132,5.65224,0.71241,3.58616,1.09487,0.00096535,0.00096535,0.00096535
9,44.9512,1.86211,5.59942,0.67616,1.44959,1.09849,0.32777,0.31795,0.18853,0.0959,0.28696,0.20759,0.09771,0.01832,1.67567,5.24673,0.68757,2.11231,1.07742,0.0009604,0.0009604,0.0009604
10,48.779,1.82148,5.37905,0.65982,1.40684,1.06709,0.52642,0.29355,0.19342,0.10107,0.46916,0.1608,0.0561,0.00972,1.64199,5.13555,0.66588,1.85833,1.0602,0.00095545,0.00095545,0.00095545
11,52.4549,1.75402,5.09633,0.64483,1.38168,1.09426,0.52829,0.29782,0.1938,0.10393,0.48782,0.2183,0.08896,0.01646,1.61735,4.91971,0.65214,1.67874,1.06022,0.0009505,0.0009505,0.0009505
12,56.2161,1.72486,5.01044,0.62641,1.35314,1.0591,0.52656,0.31868,0.1954,0.10742,0.49865,0.24594,0.12597,0.02743,1.59553,4.70707,0.62555,1.36035,1.05265,0.00094555,0.00094555,0.00094555
13,59.9803,1.68189,4.7743,0.61188,1.30031,1.0608,0.72461,0.27201,0.19758,0.10877,0.70632,0.22184,0.14161,0.03416,1.56423,4.59402,0.59818,1.27372,1.04439,0.0009406,0.0009406,0.0009406
14,63.9175,1.6839,4.57599,0.58927,1.31582,1.04432,0.7398,0.2663,0.20114,0.10998,0.72884,0.23791,0.17342,0.05126,1.56506,4.24358,0.56936,1.17569,1.03871,0.00093565,0.00093565,0.00093565
15,67.8811,1.68581,4.49083,0.57072,1.27588,1.02565,0.74508,0.2564,0.20516,0.1144,0.73823,0.22834,0.17889,0.05614,1.52829,4.08287,0.5588,1.16898,1.02673,0.0009307,0.0009307,0.0009307
16,71.9194,1.63256,4.33528,0.55754,1.26316,1.03388,0.95551,0.18194,0.20572,0.11589,0.93246,0.15803,0.1563,0.04376,1.51488,4.12465,0.53864,1.12624,1.02116,0.00092575,0.00092575,0.00092575
17,76.0934,1.64551,4.24522,0.53889,1.27984,1.02715,0.95399,0.18341,0.20821,0.11557,0.94779,0.17808,0.18911,0.06867,1.53809,3.67798,0.51322,1.15904,1.02758,0.0009208,0.0009208,0.0009208
18,81.8105,1.63718,4.10073,0.52786,1.27873,1.04127,0.73061,0.27911,0.21095,0.11291,0.94785,0.17634,0.18683,0.06682,1.58585,3.62462,0.49215,1.15291,1.04384,0.00091585,0.00091585,0.00091585
19,86.63,1.68186,3.94233,0.51666,1.26055,1.04847,0.72368,0.31425,0.21214,0.11881,0.94952,0.17808,0.19245,0.07059,1.48752,3.5621,0.48855,1.12429,1.01544,0.0009109,0.0009109,0.0009109
20,91.4962,1.61341,3.77878,0.49955,1.19522,1.01713,0.95402,0.18543,0.21294,0.11864,0.9528,0.18493,0.19962,0.08168,1.51229,3.41227,0.46809,1.13498,1.0217,0.00090595,0.00090595,0.00090595
21,95.4715,1.62755,3.66005,0.48535,1.22687,1.03755,0.95669,0.18607,0.2126,0.1217,0.95497,0.18429,0.20362,0.08665,1.45195,3.26234,0.45403,1.1115,1.00705,0.000901,0.000901,0.000901
22,99.4945,1.60792,3.58896,0.47435,1.22263,1.03403,0.95787,0.18518,0.22425,0.12746,0.95681,0.18394,0.21965,0.09674,1.47104,3.19391,0.44105,1.10087,1.01831,0.00089605,0.00089605,0.00089605
23,103.227,1.56409,3.5275,0.46207,1.19293,1.03527,0.73271,0.31255,0.22783,0.12866,0.7322,0.30892,0.21946,0.09729,1.45489,3.13038,0.42797,1.08668,1.00613,0.0008911,0.0008911,0.0008911
24,107.227,1.56671,3.44522,0.44321,1.16709,1.01597,0.64219,0.35587,0.22933,0.13353,0.63879,0.34976,0.22569,0.10377,1.44906,3.071,0.41516,1.1028,1.00349,0.00088615,0.00088615,0.00088615
25,110.949,1.58104,3.483,0.43781,1.18363,0.98457,0.64525,0.34099,0.24295,0.13696,0.644,0.33453,0.24161,0.11249,1.44578,2.98007,0.39425,1.10636,1.00561,0.0008812,0.0008812,0.0008812
26,114.677,1.49635,3.24531,0.42059,1.18238,1.00806,0.63764,0.2612,0.25077,0.14164,0.63224,0.26278,0.24741,0.11109,1.44114,2.91394,0.37556,1.06836,0.99489,0.00087625,0.00087625,0.00087625
27,118.332,1.5265,3.28879,0.40458,1.15879,0.98343,0.63105,0.28073,0.25687,0.15151,0.62566,0.28268,0.25487,0.1188,1.3936,2.8659,0.37234,1.06344,0.98252,0.0008713,0.0008713,0.0008713
28,122.595,1.55885,3.16225,0.39832,1.17442,1.01217,0.64525,0.28389,0.25968,0.15405,0.6386,0.28,0.25639,0.11714,1.40562,2.84352,0.3555,1.05529,0.99162,0.00086635,0.00086635,0.00086635
29,126.873,1.67224,3.15102,0.37744,1.18304,1.03298,0.74658,0.27821,0.26441,0.15079,0.74707,0.27576,0.2634,0.12276,1.52065,2.7847,0.3374,1.07279,1.0241,0.0008614,0.0008614,0.0008614
30,130.812,1.56354,3.09814,0.37485,1.13669,0.99472,0.79262,0.27955,0.26825,0.15708,0.79493,0.27844,0.2687,0.12727,1.42699,2.70677,0.33318,1.04116,0.99067,0.00085645,0.00085645,0.00085645
31,134.729,1.53766,2.9717,0.36813,1.10272,1.00273,0.80577,0.27903,0.27601,0.16001,0.80527,0.27867,0.27873,0.13413,1.4208,2.65799,0.32387,1.02827,0.98741,0.0008515,0.0008515,0.0008515
32,138.581,1.52658,3.02172,0.35138,1.16111,1.00612,0.8104,0.2846,0.28217,0.16618,0.81495,0.28343,0.28343,0.13963,1.3937,2.54039,0.31343,1.02327,0.98962,0.00084655,0.00084655,0.00084655
33,142.36,1.49729,2.85515,0.34225,1.12764,1.02777,0.79384,0.28984,0.27668,0.16317,0.79471,0.28766,0.28805,0.1408,1.40338,2.48014,0.29954,1.02701,0.986,0.0008416,0.0008416,0.0008416
34,146.107,1.50142,2.79389,0.33344,1.10353,1.00456,0.80883,0.28866,0.28466,0.16841,0.80806,0.28582,0.29796,0.14527,1.36686,2.42596,0.28154,0.99942,0.98056,0.00083665,0.00083665,0.00083665
35,150.13,1.51577,2.70171,0.3294,1.10395,0.98615,0.81585,0.28812,0.29197,0.16922,0.81613,0.28588,0.30191,0.15331,1.39403,2.35473,0.28032,1.01665,0.98694,0.0008317,0.0008317,0.0008317
36,154.136,1.49142,2.65937,0.31614,1.09107,0.9915,0.81742,0.28955,0.29692,0.17721,0.81713,0.28759,0.30825,0.16122,1.33526,2.26578,0.26952,1.00339,0.9651,0.00082675,0.00082675,0.00082675
37,157.908,1.44947,2.53975,0.30431,1.07952,0.9895,0.74035,0.29328,0.30782,0.17762,0.74422,0.29105,0.32739,0.17013,1.37787,2.20937,0.25087,0.99988,0.97353,0.0008218,0.0008218,0.0008218
38,162.1,1.43508,2.45056,0.29543,1.07405,0.98131,0.72385,0.28807,0.31625,0.18438,0.72425,0.28747,0.34729,0.18599,1.36452,2.10489,0.24591,1.00116,0.97342,0.00081685,0.00081685,0.00081685
39,166.086,1.47866,2.44726,0.29166,1.10602,1.01534,0.70931,0.29393,0.32183,0.18802,0.70869,0.29372,0.35248,0.18976,1.33894,2.04187,0.2367,0.98751,0.97257,0.0008119,0.0008119,0.0008119
40,169.911,1.47662,2.29049,0.28005,1.08145,0.99444,0.82397,0.29957,0.33367,0.18928,0.82351,0.30148,0.35687,0.18826,1.36164,2.0293,0.22707,0.9886,0.97637,0.00080695,0.00080695,0.00080695
41,173.884,1.40173,2.27147,0.28607,1.0654,0.98639,0.50675,0.34697,0.3372,0.1895,0.50717,0.35303,0.3561,0.18588,1.38334,1.93909,0.21552,0.96603,0.98617,0.000802,0.000802,0.000802
42,177.924,1.43772,2.26529,0.27721,1.03975,0.97895,0.32214,0.37317,0.34348,0.19978,0.29543,0.3742,0.35523,0.19381,1.31308,1.87217,0.21009,0.95742,0.96058,0.00079705,0.00079705,0.00079705
43,181.778,1.46286,2.25516,0.27582,1.06152,0.96611,0.32926,0.39971,0.34629,0.19774,0.40451,0.40346,0.36052,0.19438,1.3003,1.84652,0.20354,0.95272,0.95572,0.0007921,0.0007921,0.0007921
44,185.598,1.43564,2.19724,0.25782,1.04835,0.973,0.30379,0.4093,0.35141,0.20392,0.41034,0.42203,0.36472,0.20164,1.29969,1.79563,0.20258,0.94184,0.95318,0.00078715,0.00078715,0.00078715
45,189.495,1.36568,2.07692,0.26793,1.00348,0.95874,0.34775,0.38799,0.37756,0.21439,0.43225,0.41396,0.4047,0.22003,1.30136,1.7283,0.19808,0.93694,0.95878,0.0007822,0.0007822,0.0007822
46,193.45,1.37125,2.03025,0.25485,1.01617,0.98531,0.40522,0.41427,0.3966,0.22148,0.45742,0.42505,0.40877,0.23315,1.30526,1.68359,0.19711,0.93974,0.95338,0.00077725,0.00077725,0.00077725
47,197.377,1.40216,1.96722,0.2577,1.01081,0.98553,0.4203,0.43301,0.40571,0.222,0.44281,0.42972,0.40775,0.23677,1.2872,1.65657,0.19598,0.93718,0.95223,0.0007723,0.0007723,0.0007723
48,201.187,1.432,1.94524,0.27063,1.01839,0.9761,0.43963,0.46026,0.4097,0.21982,0.45408,0.45919,0.41771,0.24454,1.33989,1.61526,0.19311,0.93018,0.96621,0.00076735,0.00076735,0.00076735
49,205.012,1.43875,1.96256,0.26127,1.06375,0.96765,0.38435,0.46554,0.41083,0.22654,0.37957,0.4488,0.4197,0.2483,1.35547,1.59862,0.18925,0.91771,0.96482,0.0007624,0.0007624,0.0007624
50,208.802,1.4085,1.94156,0.25514,0.98209,0.98568,0.3766,0.45695,0.41566,0.23351,0.37438,0.45725,0.41953,0.24568,1.29449,1.57015,0.18418,0.92031,0.95604,0.00075745,0.00075745,0.00075745
51,212.529,1.36433,1.92006,0.25891,0.98386,0.96686,0.37744,0.43656,0.41826,0.23785,0.36922,0.44126,0.41761,0.24946,1.27782,1.53535,0.18485,0.90469,0.95436,0.0007525,0.0007525,0.0007525
52,216.325,1.38261,1.85056,0.25805,0.97395,0.96502,0.70123,0.36773,0.43718,0.25193,0.74534,0.37608,0.44691,0.27328,1.26652,1.48999,0.1842,0.88948,0.94568,0.00074755,0.00074755,0.00074755
53,220.209,1.39713,1.85525,0.24531,1.02094,0.97098,0.45144,0.42993,0.44902,0.25523,0.51978,0.41541,0.46309,0.28348,1.24953,1.48496,0.17963,0.87844,0.94233,0.0007426,0.0007426,0.0007426
54,224.106,1.35734,1.69361,0.24366,0.94598,0.95314,0.40235,0.46529,0.45566,0.25714,0.41138,0.4732,0.4646,0.28745,1.26283,1.45521,0.17328,0.88008,0.94403,0.00073765,0.00073765,0.00073765
55,228.332,1.36551,1.70635,0.23688,0.95062,0.95827,0.40926,0.47983,0.46304,0.26199,0.41494,0.48601,0.46439,0.28611,1.25547,1.43881,0.17386,0.87289,0.94166,0.0007327,0.0007327,0.0007327
56,232.542,1.3435,1.68032,0.23192,0.93106,0.97325,0.41058,0.48254,0.46695,0.26022,0.40084,0.49764,0.47526,0.29174,1.25179,1.42788,0.16673,0.86055,0.94468,0.00072775,0.00072775,0.00072775
57,236.765,1.33295,1.69228,0.24073,0.91559,0.94559,0.46663,0.47346,0.46286,0.26264,0.49263,0.48219,0.4852,0.30232,1.24262,1.39937,0.1697,0.86923,0.93921,0.0007228,0.0007228,0.0007228
58,241.226,1.34137,1.66943,0.22971,0.9252,0.95228,0.47147,0.46054,0.45706,0.26154,0.50884,0.46494,0.47754,0.29554,1.23064,1.38191,0.16252,0.86109,0.94045,0.00071785,0.00071785,0.00071785
59,245.662,1.32715,1.63799,0.22643,0.91221,0.95071,0.46162,0.46417,0.46402,0.26894,0.4973,0.475,0.48204,0.30643,1.2179,1.36686,0.16374,0.84185,0.93501,0.0007129,0.0007129,0.0007129
60,249.677,1.29615,1.61573,0.22997,0.91302,0.95383,0.44966,0.47696,0.48475,0.28056,0.46813,0.48123,0.48923,0.31776,1.22351,1.34953,0.16192,0.84067,0.93428,0.00070795,0.00070795,0.00070795
61,253.934,1.28045,1.56411,0.21045,0.91549,0.96275,0.48147,0.49957,0.49095,0.27748,0.49665,0.50661,0.5026,0.31785,1.27957,1.34402,0.15223,0.8257,0.95179,0.000703,0.000703,0.000703
62,257.961,1.34351,1.6344,0.24029,0.90788,0.94119,0.51277,0.47749,0.48363,0.27387,0.57351,0.4871,0.50738,0.32371,1.25686,1.30783,0.15021,0.82139,0.93753,0.00069805,0.00069805,0.00069805
63,261.785,1.31011,1.58967,0.22463,0.87764,0.95196,0.46792,0.52556,0.49687,0.28245,0.54075,0.50128,0.50769,0.3185,1.21761,1.32534,0.1426,0.80638,0.93232,0.0006931,0.0006931,0.0006931
64,265.703,1.37905,1.62443,0.22357,0.91984,0.95112,0.45274,0.52279,0.50003,0.28703,0.60449,0.47118,0.51547,0.33322,1.22147,1.29828,0.14893,0.81344,0.9303,0.00068815,0.00068815,0.00068815
65,269.702,1.34265,1.63023,0.21428,0.91348,0.95437,0.4939,0.51749,0.51765,0.29753,0.51076,0.52766,0.53163,0.34673,1.22074,1.28585,0.14357,0.79487,0.93042,0.0006832,0.0006832,0.0006832
66,273.902,1.36402,1.65562,0.21412,0.89864,0.96336,0.44207,0.55916,0.52401,0.30201,0.45311,0.54164,0.52502,0.33965,1.19297,1.26882,0.14122,0.80256,0.92879,0.00067825,0.00067825,0.00067825
67,277.854,1.32826,1.62037,0.21566,0.91491,0.95108,0.46728,0.55247,0.52089,0.29361,0.4802,0.56074,0.5253,0.33534,1.23116,1.27697,0.13341,0.80184,0.93649,0.0006733,0.0006733,0.0006733
68,281.952,1.31783,1.54143,0.20404,0.89005,0.94237,0.46416,0.59157,0.52035,0.30418,0.4719,0.56673,0.52836,0.35415,1.20902,1.25156,0.13939,0.78928,0.92809,0.00066835,0.00066835,0.00066835
69,285.867,1.30796,1.50386,0.21112,0.8968,0.94367,0.48021,0.58934,0.52301,0.30377,0.50112,0.59359,0.54494,0.36692,1.23168,1.24561,0.13425,0.79476,0.93109,0.0006634,0.0006634,0.0006634
70,290.002,1.32633,1.46345,0.19713,0.86055,0.92421,0.46829,0.56316,0.51992,0.30002,0.46728,0.56473,0.53076,0.35216,1.2238,1.24737,0.13013,0.7921,0.93049,0.00065845,0.00065845,0.00065845
71,293.887,1.31841,1.54806,0.20424,0.86472,0.95799,0.45762,0.56477,0.51859,0.30922,0.48184,0.57559,0.53637,0.35417,1.21645,1.23683,0.12561,0.78725,0.93005,0.0006535,0.0006535,0.0006535
72,297.91,1.28903,1.48576,0.20172,0.85821,0.93975,0.43302,0.5448,0.51712,0.3043,0.45,0.54262,0.53417,0.35052,1.19415,1.23681,0.12878,0.78549,0.92188,0.00064855,0.00064855,0.00064855
73,302.648,1.30265,1.47902,0.20168,0.8405,0.94363,0.44402,0.57882,0.52476,0.31583,0.45485,0.58077,0.54393,0.35506,1.22441,1.25104,0.11979,0.77341,0.93606,0.0006436,0.0006436,0.0006436
74,306.725,1.32297,1.51919,0.19403,0.87422,0.94838,0.44639,0.60375,0.53727,0.32854,0.46398,0.60948,0.55487,0.36266,1.17968,1.21242,0.12316,0.75995,0.91968,0.00063865,0.00063865,0.00063865
75,311.212,1.31562,1.53642,0.21177,0.86657,0.93971,0.47743,0.60772,0.54326,0.32767,0.50011,0.60939,0.56324,0.36923,1.18204,1.21625,0.12375,0.75753,0.91914,0.0006337,0.0006337,0.0006337
76,315.445,1.27589,1.50565,0.20164,0.83886,0.92731,0.55451,0.57772,0.55443,0.339,0.58865,0.60191,0.58169,0.386,1.16729,1.19395,0.12093,0.75637,0.92063,0.00062875,0.00062875,0.00062875
77,320.106,1.2831,1.50613,0.20766,0.8372,0.946,0.51231,0.62199,0.54686,0.33449,0.54432,0.61134,0.568,0.37562,1.16283,1.19513,0.11936,0.75336,0.91801,0.0006238,0.0006238,0.0006238
78,327.27,1.25562,1.43926,0.1816,0.83351,0.94505,0.47903,0.61276,0.56775,0.34802,0.56094,0.57268,0.58527,0.3941,1.14393,1.17503,0.12027,0.74723,0.9165,0.00061885,0.00061885,0.00061885
79,331.945,1.23998,1.39615,0.2025,0.79754,0.93863,0.49604,0.61347,0.56679,0.34381,0.51258,0.61489,0.58744,0.40166,1.16399,1.17457,0.12246,0.74626,0.91686,0.0006139,0.0006139,0.0006139
80,336.215,1.28116,1.44121,0.19827,0.8373,0.95133,0.4821,0.59473,0.5513,0.33133,0.53157,0.59,0.56982,0.38785,1.16616,1.16818,0.11682,0.76229,0.91858,0.00060895,0.00060895,0.00060895
81,340.373,1.31582,1.46899,0.19636,0.84296,0.92783,0.47299,0.56315,0.55308,0.32544,0.54181,0.55063,0.56711,0.38613,1.20683,1.17131,0.122,0.77177,0.92009,0.000604,0.000604,0.000604
82,344.649,1.26063,1.39636,0.19082,0.82312,0.93295,0.47995,0.61116,0.56151,0.33882,0.51547,0.61931,0.58304,0.39281,1.17954,1.17733,0.10958,0.74971,0.92181,0.00059905,0.00059905,0.00059905
83,348.787,1.27026,1.40989,0.18623,0.80404,0.92801,0.5113,0.61434,0.56831,0.34922,0.53934,0.62513,0.58754,0.39947,1.14324,1.17487,0.1123,0.73321,0.91419,0.0005941,0.0005941,0.0005941
84,352.915,1.23084,1.37558,0.18087,0.80094,0.92332,0.51322,0.61028,0.56761,0.34545,0.52839,0.61433,0.58253,0.40404,1.15447,1.15535,0.1145,0.73204,0.91415,0.00058915,0.00058915,0.00058915
85,357.036,1.28315,1.43642,0.18601,0.82829,0.94571,0.52504,0.61476,0.58681,0.36156,0.54911,0.59117,0.60741,0.41562,1.16651,1.1487,0.10833,0.73612,0.92058,0.0005842,0.0005842,0.0005842
86,360.835,1.24697,1.33708,0.17743,0.81438,0.95029,0.53734,0.60588,0.59247,0.36558,0.56093,0.60678,0.60575,0.41673,1.13116,1.11763,0.11059,0.72381,0.91078,0.00057925,0.00057925,0.00057925
87,364.631,1.24708,1.34714,0.18582,0.81029,0.92801,0.5182,0.64198,0.59602,0.3692,0.559,0.63493,0.61851,0.42399,1.1587,1.12484,0.11281,0.72343,0.91578,0.0005743,0.0005743,0.0005743
88,368.748,1.26064,1.39971,0.18028,0.80218,0.93128,0.52256,0.61806,0.58804,0.36333,0.56847,0.6156,0.61071,0.40701,1.17153,1.16467,0.10192,0.72757,0.92207,0.00056935,0.00056935,0.00056935
89,373.116,1.24801,1.42073,0.17983,0.82452,0.94323,0.52625,0.6218,0.58182,0.36147,0.55509,0.61919,0.60439,0.42166,1.12564,1.10833,0.10718,0.7236,0.90822,0.0005644,0.0005644,0.0005644
90,378.458,1.24711,1.36282,0.18407,0.80052,0.92826,0.56393,0.61408,0.59814,0.3713,0.57652,0.62454,0.61335,0.42467,1.13148,1.11774,0.10348,0.70383,0.91098,0.00055945,0.00055945,0.00055945
91,382.693,1.26332,1.42522,0.18241,0.82767,0.94136,0.54815,0.62248,0.59189,0.3647,0.58947,0.63582,0.61479,0.41821,1.15546,1.11586,0.1024,0.71336,0.91813,0.0005545,0.0005545,0.0005545
92,387.032,1.25696,1.41671,0.19444,0.80677,0.94607,0.61024,0.60939,0.6126,0.3809,0.63942,0.6282,0.63307,0.43887,1.1236,1.0963,0.10518,0.7099,0.90878,0.00054955,0.00054955,0.00054955
93,391.538,1.24566,1.39697,0.17817,0.80566,0.92091,0.59129,0.62738,0.63459,0.39065,0.62505,0.63634,0.65164,0.44679,1.12488,1.11865,0.10022,0.71022,0.90862,0.0005446,0.0005446,0.0005446
94,395.299,1.18091,1.29497,0.18132,0.76387,0.924,0.58617,0.63512,0.6376,0.39801,0.64191,0.62039,0.66415,0.45885,1.10639,1.09026,0.10206,0.69954,0.90732,0.00053965,0.00053965,0.00053965
95,399.004,1.22296,1.33232,0.17624,0.80369,0.9109,0.58383,0.61335,0.63622,0.39842,0.64289,0.59135,0.66128,0.4584,1.11555,1.08528,0.1021,0.70498,0.91006,0.0005347,0.0005347,0.0005347
96,402.753,1.20987,1.34988,0.18011,0.79701,0.92608,0.6215,0.6172,0.6382,0.39399,0.63594,0.62577,0.65655,0.46197,1.1124,1.08343,0.10229,0.70026,0.90455,0.00052975,0.00052975,0.00052975
97,406.675,1.2362,1.32452,0.18284,0.78723,0.91054,0.57787,0.61508,0.63396,0.38763,0.59215,0.62123,0.64675,0.44924,1.11069,1.07076,0.09872,0.69096,0.90794,0.0005248,0.0005248,0.0005248
98,410.564,1.20787,1.3104,0.16974,0.786,0.91865,0.58019,0.61482,0.63826,0.40172,0.59516,0.62232,0.65425,0.4585,1.10631,1.07535,0.10074,0.69027,0.90368,0.00051985,0.00051985,0.00051985
99,414.215,1.1985,1.35823,0.18556,0.76249,0.91933,0.57394,0.62373,0.63193,0.39869,0.59166,0.63393,0.649,0.45561,1.12086,1.07929,0.101,0.691,0.90494,0.0005149,0.0005149,0.0005149
100,417.975,1.16762,1.29243,0.19301,0.74551,0.91155,0.53186,0.62922,0.61755,0.38836,0.55439,0.63367,0.63214,0.44051,1.10455,1.06421,0.09598,0.69097,0.90285,0.00050995,0.00050995,0.00050995
101,421.883,1.19549,1.26027,0.17282,0.75987,0.92094,0.55575,0.62644,0.6222,0.3956,0.57621,0.62905,0.63719,0.45424,1.10262,1.06083,0.09767,0.6856,0.90077,0.000505,0.000505,0.000505
102,425.609,1.18103,1.26382,0.1688,0.75322,0.9198,0.63714,0.61313,0.64331,0.40929,0.7318,0.5728,0.66458,0.46409,1.09752,1.06776,0.09185,0.69119,0.90311,0.00050005,0.00050005,0.00050005
103,429.399,1.22283,1.32748,0.17365,0.77641,0.90996,0.66705,0.61022,0.64192,0.40549,0.69004,0.61925,0.67613,0.47123,1.10824,1.07066,0.09228,0.69749,0.90502,0.0004951,0.0004951,0.0004951
104,433.174,1.18188,1.30668,0.16845,0.75784,0.90839,0.60299,0.66886,0.67853,0.43177,0.62032,0.67033,0.69902,0.49172,1.07447,1.04593,0.09379,0.6693,0.89941,0.00049015,0.00049015,0.00049015
105,437.422,1.17332,1.28614,0.16512,0.75116,0.91408,0.57278,0.6847,0.66874,0.42886,0.61263,0.67878,0.68638,0.47887,1.07431,1.0408,0.09214,0.66968,0.89701,0.0004852,0.0004852,0.0004852
106,441.318,1.15798,1.24133,0.16614,0.7301,0.91099,0.63377,0.61778,0.6737,0.43425,0.66489,0.62804,0.69497,0.49358,1.06205,1.02291,0.09135,0.67247,0.89506,0.00048025,0.00048025,0.00048025
107,445.243,1.20766,1.30921,0.1787,0.75815,0.90659,0.61289,0.62753,0.66388,0.43067,0.63717,0.63728,0.68541,0.48199,1.06955,1.03045,0.09127,0.67049,0.89294,0.0004753,0.0004753,0.0004753
108,448.947,1.19759,1.27826,0.16402,0.74688,0.90914,0.57922,0.67993,0.66171,0.42106,0.68332,0.62208,0.68593,0.47904,1.08009,1.0273,0.08717,0.66484,0.89961,0.00047035,0.00047035,0.00047035
109,452.899,1.15359,1.22856,0.16575,0.73608,0.91892,0.69301,0.60499,0.6706,0.4363,0.75542,0.61604,0.7006,0.4933,1.07583,1.02195,0.08916,0.66757,0.89902,0.0004654,0.0004654,0.0004654
110,456.688,1.18216,1.24707,0.17196,0.73501,0.90345,0.64656,0.67146,0.69204,0.44575,0.69,0.6644,0.71828,0.51124,1.05978,1.01553,0.08968,0.66239,0.89334,0.00046045,0.00046045,0.00046045
111,460.505,1.16639,1.24353,0.18112,0.73238,0.91142,0.63549,0.66593,0.68674,0.43941,0.66065,0.68207,0.70925,0.50213,1.05356,1.00918,0.08737,0.661,0.89198,0.0004555,0.0004555,0.0004555
112,464.36,1.14901,1.24581,0.17404,0.72023,0.91076,0.59305,0.68452,0.67263,0.42816,0.66965,0.63052,0.69219,0.48752,1.06173,1.01171,0.08794,0.66032,0.89237,0.00045055,0.00045055,0.00045055
113,468.413,1.14913,1.24249,0.16515,0.74006,0.90741,0.58112,0.68591,0.66182,0.43124,0.61097,0.68707,0.6948,0.48841,1.04939,1.00177,0.08517,0.65961,0.89282,0.0004456,0.0004456,0.0004456
114,472.677,1.18575,1.23022,0.16213,0.74219,0.91218,0.60123,0.69989,0.67451,0.43401,0.62126,0.71108,0.71075,0.50369,1.06787,0.99473,0.0856,0.66245,0.89138,0.00044065,0.00044065,0.00044065
115,477.116,1.17366,1.19243,0.16152,0.73382,0.89389,0.61843,0.69717,0.69583,0.44517,0.66495,0.69333,0.71677,0.50627,1.05075,0.99359,0.08428,0.6502,0.89109,0.0004357,0.0004357,0.0004357
116,481.316,1.13943,1.18271,0.16924,0.72237,0.90791,0.61719,0.66991,0.67739,0.44339,0.63553,0.68139,0.71466,0.50324,1.04303,0.99265,0.08336,0.65008,0.89222,0.00043075,0.00043075,0.00043075
117,485.521,1.16698,1.23907,0.17489,0.7295,0.90485,0.62948,0.69311,0.6839,0.44832,0.65462,0.6957,0.72074,0.51611,1.04219,0.98121,0.08515,0.65014,0.88731,0.0004258,0.0004258,0.0004258
118,489.825,1.14784,1.21926,0.17438,0.73126,0.90933,0.72081,0.65603,0.70689,0.4553,0.74055,0.66996,0.72711,0.53239,1.05969,0.98302,0.08366,0.65179,0.89384,0.00042085,0.00042085,0.00042085
119,493.849,1.14457,1.16589,0.16766,0.71711,0.91076,0.74268,0.64015,0.72303,0.4628,0.7562,0.65072,0.73443,0.54073,1.04689,0.9789,0.08569,0.6471,0.88783,0.0004159,0.0004159,0.0004159
120,498.054,1.14873,1.19803,0.16236,0.72748,0.90656,0.74145,0.64501,0.72013,0.4671,0.76159,0.65149,0.73923,0.53563,1.02613,0.97228,0.08082,0.63925,0.88719,0.00041095,0.00041095,0.00041095
121,502.287,1.13595,1.18729,0.16325,0.70567,0.90222,0.67664,0.6599,0.7008,0.44972,0.71373,0.64559,0.73212,0.52348,1.07589,0.98139,0.08137,0.64206,0.89447,0.000406,0.000406,0.000406
122,506.484,1.18457,1.25875,0.17515,0.74335,0.90551,0.65719,0.64829,0.68878,0.44354,0.68778,0.66292,0.72975,0.52411,1.0397,0.95469,0.07857,0.6402,0.88963,0.00040105,0.00040105,0.00040105
123,510.39,1.16516,1.19856,0.16392,0.73641,0.91424,0.6914,0.65197,0.69874,0.46158,0.74685,0.66334,0.73753,0.53364,1.02349,0.94858,0.07856,0.63822,0.88546,0.0003961,0.0003961,0.0003961
124,514.396,1.13132,1.13358,0.14764,0.71681,0.90187,0.70062,0.6879,0.72544,0.46036,0.72561,0.67057,0.74391,0.53761,1.04751,0.96458,0.07908,0.63361,0.88849,0.00039115,0.00039115,0.00039115
125,518.721,1.11641,1.14937,0.16416,0.69728,0.90837,0.70437,0.6982,0.73424,0.46926,0.76859,0.66223,0.75099,0.54607,1.02552,0.95815,0.07683,0.62407,0.88659,0.0003862,0.0003862,0.0003862
126,522.754,1.18304,1.21706,0.14299,0.73331,0.89297,0.6762,0.68718,0.72206,0.47552,0.70638,0.6787,0.73489,0.53618,1.01559,0.94749,0.07999,0.63228,0.88089,0.00038125,0.00038125,0.00038125
127,526.791,1.15035,1.15454,0.16903,0.69508,0.9058,0.69571,0.67476,0.72503,0.4784,0.73914,0.65768,0.73721,0.53525,1.01899,0.94187,0.07765,0.62867,0.88302,0.0003763,0.0003763,0.0003763
128,530.752,1.1378,1.17988,0.15858,0.70744,0.89179,0.68887,0.69407,0.73028,0.465,0.72851,0.676,0.73567,0.53751,1.02578,0.93376,0.08163,0.62681,0.88046,0.00037135,0.00037135,0.00037135
129,534.959,1.13254,1.15819,0.16535,0.71233,0.89985,0.72404,0.67809,0.73278,0.47804,0.74202,0.68492,0.74862,0.54845,1.01081,0.93482,0.07881,0.62242,0.88061,0.0003664,0.0003664,0.0003664
130,539.079,1.11756,1.14063,0.16398,0.68008,0.90211,0.75055,0.6594,0.74479,0.48146,0.77297,0.67394,0.76526,0.56161,1.03081,0.92731,0.07981,0.62113,0.88212,0.00036145,0.00036145,0.00036145
131,543.267,1.11664,1.11911,0.15985,0.69606,0.9032,0.74702,0.68232,0.7509,0.4863,0.75867,0.6827,0.76273,0.56214,1.01183,0.91591,0.07845,0.61124,0.87909,0.0003565,0.0003565,0.0003565
132,547.524,1.17275,1.18043,0.15965,0.72657,0.90813,0.77612,0.66647,0.7483,0.48837,0.78826,0.67019,0.76279,0.56524,1.02071,0.91718,0.0782,0.61057,0.87994,0.00035155,0.00035155,0.00035155
133,551.403,1.13758,1.18386,0.16134,0.70235,0.90783,0.76195,0.65858,0.74165,0.48551,0.78562,0.67505,0.76288,0.55889,0.99881,0.91247,0.07559,0.60781,0.87769,0.0003466,0.0003466,0.0003466
134,555.431,1.14698,1.166,0.15322,0.69492,0.88788,0.78864,0.67366,0.75985,0.49411,0.80032,0.67804,0.76408,0.56294,0.99464,0.9111,0.07425,0.60431,0.8772,0.00034165,0.00034165,0.00034165
135,559.23,1.10266,1.10462,0.16013,0.67733,0.89185,0.76447,0.69497,0.77038,0.5046,0.7699,0.69707,0.77386,0.57152,0.98716,0.90227,0.07285,0.5989,0.87879,0.0003367,0.0003367,0.0003367
136,563.293,1.11961,1.15116,0.15371,0.68712,0.87741,0.76495,0.65753,0.75405,0.48859,0.78327,0.65578,0.76681,0.56056,0.99162,0.90646,0.07151,0.59747,0.87931,0.00033175,0.00033175,0.00033175
137,567.125,1.08445,1.09652,0.15798,0.67234,0.88847,0.74645,0.67416,0.76271,0.50274,0.75043,0.67278,0.76445,0.56607,0.97339,0.88729,0.07257,0.59511,0.87391,0.0003268,0.0003268,0.0003268
138,570.831,1.10082,1.18028,0.14732,0.69533,0.9053,0.79656,0.66142,0.76736,0.49843,0.79889,0.66221,0.76516,0.56529,0.99434,0.90574,0.07055,0.59841,0.87893,0.00032185,0.00032185,0.00032185
139,574.652,1.11069,1.13612,0.15488,0.69519,0.88546,0.75941,0.69337,0.76209,0.49827,0.78626,0.68903,0.76053,0.568,0.99736,0.892,0.07229,0.60484,0.87727,0.0003169,0.0003169,0.0003169
140,578.569,1.12792,1.13678,0.15873,0.69164,0.90638,0.76065,0.69877,0.76724,0.50187,0.7617,0.70026,0.76859,0.56847,0.98911,0.88785,0.07143,0.595,0.87834,0.00031195,0.00031195,0.00031195
141,582.586,1.08875,1.06608,0.15305,0.67333,0.89207,0.74295,0.71695,0.76882,0.50099,0.73779,0.71303,0.76736,0.5698,0.99235,0.88093,0.07212,0.5908,0.87792,0.000307,0.000307,0.000307
142,586.253,1.10781,1.11448,0.15843,0.67914,0.89962,0.78581,0.68559,0.7783,0.51589,0.79133,0.69063,0.78034,0.58264,0.97641,0.8747,0.07144,0.58511,0.87405,0.00030205,0.00030205,0.00030205
143,590.064,1.10204,1.08373,0.15231,0.67408,0.89274,0.78119,0.68142,0.77747,0.5156,0.79016,0.68634,0.77875,0.583,0.97386,0.87564,0.07189,0.58912,0.87322,0.0002971,0.0002971,0.0002971
144,593.931,1.07055,1.0523,0.1416,0.66148,0.89161,0.75768,0.70273,0.77162,0.51129,0.76017,0.70195,0.77326,0.57775,0.95984,0.87054,0.07046,0.58657,0.87165,0.00029215,0.00029215,0.00029215
145,597.655,1.08671,1.08278,0.15122,0.65608,0.90056,0.74566,0.67381,0.75934,0.50396,0.77792,0.68123,0.76557,0.57149,0.96585,0.87221,0.07068,0.58487,0.87132,0.0002872,0.0002872,0.0002872
146,601.378,1.05811,1.01167,0.1489,0.63964,0.89404,0.74224,0.68565,0.75335,0.50633,0.77506,0.66925,0.76058,0.57095,0.96525,0.8774,0.06976,0.58628,0.87247,0.00028225,0.00028225,0.00028225
147,605.15,1.07289,1.07772,0.15657,0.67305,0.89989,0.7735,0.68122,0.75829,0.51029,0.78108,0.68132,0.76532,0.57539,0.96457,0.86813,0.06934,0.58439,0.87227,0.0002773,0.0002773,0.0002773
148,609.044,1.07853,1.07052,0.1572,0.65688,0.88273,0.7655,0.71068,0.77815,0.51875,0.77331,0.71146,0.78049,0.58559,0.96433,0.87036,0.06853,0.57897,0.87128,0.00027235,0.00027235,0.00027235
149,613.184,1.09045,1.08118,0.15014,0.6656,0.88935,0.7673,0.73521,0.77601,0.51169,0.77279,0.74056,0.78152,0.58473,0.95729,0.85886,0.06708,0.57604,0.87114,0.0002674,0.0002674,0.0002674
150,616.938,1.08364,1.09559,0.15485,0.66728,0.89009,0.74121,0.74083,0.76925,0.50705,0.74703,0.74509,0.77527,0.57868,0.98274,0.85683,0.06693,0.58002,0.87334,0.00026245,0.00026245,0.00026245
151,620.895,1.11124,1.11585,0.16338,0.67742,0.88613,0.71951,0.74845,0.77097,0.51473,0.75237,0.72941,0.77731,0.58302,0.96395,0.85498,0.06601,0.57968,0.87112,0.0002575,0.0002575,0.0002575
152,625.287,1.07327,1.06932,0.15678,0.66394,0.88966,0.7177,0.74895,0.76647,0.50734,0.80261,0.68055,0.77287,0.57798,0.97752,0.85489,0.06375,0.58043,0.87643,0.00025255,0.00025255,0.00025255
153,629.217,1.08732,1.02633,0.15008,0.65224,0.89221,0.80324,0.66011,0.77203,0.51412,0.81173,0.66489,0.77813,0.58577,0.97597,0.84677,0.06576,0.57725,0.87303,0.0002476,0.0002476,0.0002476
154,633.084,1.07411,1.04527,0.15402,0.65768,0.88556,0.80699,0.70285,0.79179,0.5303,0.80693,0.70063,0.79364,0.59972,0.94637,0.83989,0.0656,0.56727,0.86874,0.00024265,0.00024265,0.00024265
155,636.737,1.06869,1.11574,0.15853,0.67384,0.88315,0.80838,0.71868,0.79461,0.5316,0.8084,0.72008,0.79792,0.60233,0.9461,0.83668,0.06572,0.56652,0.86913,0.0002377,0.0002377,0.0002377
156,640.486,1.10345,1.12032,0.15712,0.67991,0.88409,0.77663,0.71718,0.79035,0.52462,0.82068,0.68518,0.79064,0.60055,0.958,0.84057,0.06594,0.57554,0.86855,0.00023275,0.00023275,0.00023275
157,644.211,1.07655,1.02011,0.15452,0.67694,0.88362,0.76207,0.74249,0.79289,0.53193,0.76301,0.74348,0.79555,0.6058,0.94065,0.83105,0.06407,0.56817,0.86689,0.0002278,0.0002278,0.0002278
158,647.889,1.06143,1.09252,0.16746,0.6559,0.89524,0.7452,0.74781,0.7915,0.53222,0.84169,0.68171,0.79507,0.60472,0.95813,0.83277,0.06447,0.56832,0.86901,0.00022285,0.00022285,0.00022285
159,651.478,1.07155,1.06238,0.16703,0.65778,0.89555,0.82428,0.67296,0.79372,0.53582,0.85842,0.67601,0.79881,0.60532,0.95858,0.83423,0.06449,0.56749,0.86984,0.0002179,0.0002179,0.0002179
160,655.248,1.09943,1.11824,0.16956,0.67674,0.8834,0.79508,0.70543,0.79566,0.54259,0.79744,0.70788,0.80463,0.60835,0.94157,0.82753,0.0642,0.56658,0.86737,0.00021295,0.00021295,0.00021295
161,659.004,1.04972,1.02858,0.15551,0.63127,0.88299,0.81202,0.7068,0.79752,0.54481,0.81924,0.71198,0.80345,0.61251,0.94184,0.83122,0.06321,0.56706,0.86735,0.000208,0.000208,0.000208
162,662.652,1.06699,1.05386,0.1471,0.65329,0.87858,0.81767,0.68851,0.79085,0.54084,0.83989,0.68634,0.79934,0.60742,0.93159,0.82445,0.06354,0.56445,0.86581,0.00020305,0.00020305,0.00020305
163,666.28,1.05799,1.02083,0.13691,0.64923,0.88543,0.8138,0.68835,0.78598,0.53574,0.83203,0.689,0.79263,0.60545,0.93158,0.82335,0.06415,0.5675,0.86545,0.0001981,0.0001981,0.0001981
164,669.947,1.06919,1.07138,0.14993,0.65063,0.88228,0.75558,0.69987,0.78346,0.53317,0.77547,0.69787,0.78563,0.59912,0.93807,0.82184,0.06301,0.56739,0.86675,0.00019315,0.00019315,0.00019315
165,674.197,1.06414,1.05018,0.14898,0.64595,0.87619,0.72376,0.75596,0.80251,0.5457,0.77652,0.72092,0.80422,0.61789,0.93443,0.81418,0.06214,0.56583,0.8667,0.0001882,0.0001882,0.0001882
166,678.792,1.04409,1.02951,0.14982,0.64567,0.88223,0.73917,0.76166,0.80983,0.55118,0.82828,0.6987,0.80727,0.61833,0.9351,0.817,0.0614,0.56125,0.86611,0.00018325,0.00018325,0.00018325
167,682.796,1.02848,1.00091,0.14606,0.62441,0.88131,0.72948,0.7613,0.81057,0.55118,0.80298,0.7079,0.81248,0.61924,0.93373,0.81298,0.06159,0.5588,0.86459,0.0001783,0.0001783,0.0001783
168,686.513,1.06205,1.04697,0.14894,0.63827,0.86879,0.72698,0.76553,0.80081,0.54827,0.73059,0.76832,0.80187,0.61277,0.92589,0.80336,0.06184,0.5566,0.86369,0.00017335,0.00017335,0.00017335
169,690.234,1.07272,1.03641,0.14376,0.65724,0.88221,0.75149,0.72552,0.78938,0.54359,0.74824,0.72955,0.7903,0.60445,0.92307,0.80535,0.06171,0.55819,0.86396,0.0001684,0.0001684,0.0001684
170,693.96,1.02582,1.01151,0.1547,0.62642,0.87867,0.78938,0.72903,0.79811,0.54729,0.78957,0.7303,0.79781,0.61164,0.91224,0.80023,0.06305,0.55122,0.86,0.00016345,0.00016345,0.00016345
171,697.641,1.01664,1.03627,0.14179,0.62817,0.88095,0.76601,0.72535,0.80256,0.55406,0.76676,0.72718,0.80425,0.61727,0.90809,0.79886,0.06246,0.55156,0.85981,0.0001585,0.0001585,0.0001585
172,701.853,1.00921,0.96545,0.16098,0.60302,0.87897,0.72026,0.76454,0.80603,0.55203,0.72432,0.76193,0.80566,0.62363,0.91126,0.7959,0.06107,0.54884,0.86129,0.00015355,0.00015355,0.00015355
173,705.496,1.02481,1.00382,0.14334,0.61709,0.87079,0.75262,0.7337,0.80226,0.55094,0.73574,0.75883,0.80335,0.62193,0.91424,0.7973,0.06141,0.55203,0.86137,0.0001486,0.0001486,0.0001486
174,709.22,1.03054,1.01242,0.14131,0.63153,0.88168,0.75918,0.74257,0.80844,0.55478,0.75916,0.75834,0.80554,0.62184,0.9059,0.79067,0.06094,0.54882,0.86063,0.00014365,0.00014365,0.00014365
175,712.946,1.02019,0.98437,0.14352,0.61704,0.87706,0.77155,0.75051,0.81413,0.55815,0.77212,0.75113,0.80937,0.62854,0.9027,0.78688,0.06101,0.54652,0.8594,0.0001387,0.0001387,0.0001387
176,716.629,1.01981,1.00802,0.15442,0.62339,0.8867,0.77223,0.74517,0.81305,0.55881,0.77294,0.74592,0.81132,0.62615,0.90355,0.7833,0.05998,0.54437,0.8592,0.00013375,0.00013375,0.00013375
177,720.338,1.02056,1.01524,0.14151,0.62725,0.87488,0.76593,0.74645,0.80711,0.55547,0.76603,0.74774,0.80717,0.62376,0.90091,0.78353,0.05966,0.54991,0.85907,0.0001288,0.0001288,0.0001288
178,724.025,1.05626,1.07369,0.16231,0.64061,0.88484,0.7555,0.74503,0.80124,0.55822,0.76027,0.74861,0.80758,0.62967,0.9001,0.78168,0.06101,0.54758,0.85854,0.00012385,0.00012385,0.00012385
179,727.675,1.03502,1.00459,0.13955,0.62888,0.87717,0.76273,0.75003,0.81063,0.56496,0.77456,0.74412,0.81233,0.63285,0.89407,0.77988,0.06072,0.54283,0.85875,0.0001189,0.0001189,0.0001189
180,731.467,1.01333,0.99225,0.14157,0.60836,0.88118,0.78438,0.74829,0.81342,0.56868,0.78509,0.74904,0.81931,0.6324,0.89155,0.77846,0.06111,0.53396,0.85776,0.00011395,0.00011395,0.00011395
181,735.114,1.01343,1.00262,0.1467,0.6131,0.87611,0.75379,0.75781,0.80439,0.55615,0.7557,0.76317,0.81097,0.62614,0.90371,0.78102,0.06136,0.5394,0.85822,0.000109,0.000109,0.000109
182,738.864,1.04282,0.9994,0.14404,0.62783,0.87484,0.74888,0.75456,0.79991,0.56176,0.74945,0.75519,0.80387,0.62277,0.88584,0.7733,0.05927,0.53249,0.85586,0.00010405,0.00010405,0.00010405
183,742.685,0.99518,0.93879,0.15507,0.59935,0.87262,0.75343,0.77065,0.80156,0.55954,0.75381,0.77181,0.80452,0.6227,0.88782,0.77265,0.05902,0.53262,0.85657,9.91e-05,9.91e-05,9.91e-05
184,746.588,1.02116,0.96268,0.15095,0.61558,0.88263,0.80037,0.7244,0.79973,0.55531,0.80084,0.7249,0.80228,0.6201,0.88702,0.77277,0.05907,0.53463,0.85679,9.415e-05,9.415e-05,9.415e-05
185,750.403,0.9877,0.94603,0.14496,0.59908,0.87808,0.76802,0.76019,0.80447,0.56253,0.7686,0.76082,0.80761,0.62345,0.89515,0.77503,0.05874,0.53267,0.85838,8.92e-05,8.92e-05,8.92e-05
186,754.107,1.00477,0.97582,0.14768,0.61434,0.87459,0.79658,0.75155,0.80862,0.56391,0.79666,0.74946,0.80693,0.6251,0.88827,0.77504,0.05851,0.5298,0.85765,8.425e-05,8.425e-05,8.425e-05
187,757.853,0.98711,0.94992,0.14142,0.58026,0.87624,0.78938,0.7448,0.80847,0.56404,0.79461,0.74446,0.8051,0.62491,0.88356,0.77522,0.05882,0.52948,0.8569,7.93e-05,7.93e-05,7.93e-05
188,761.684,0.98047,0.9725,0.16222,0.5976,0.86978,0.74256,0.76465,0.80569,0.5667,0.75447,0.75866,0.80252,0.6272,0.8798,0.76978,0.05891,0.53065,0.85557,7.435e-05,7.435e-05,7.435e-05
189,765.391,1.01165,1.00395,0.16934,0.61358,0.87787,0.72924,0.77357,0.80485,0.56787,0.72864,0.77472,0.80716,0.62804,0.87947,0.76736,0.05826,0.52929,0.85536,6.94e-05,6.94e-05,6.94e-05
190,769.096,1.02123,1.0416,0.16011,0.63443,0.88479,0.73892,0.76901,0.80998,0.57146,0.78517,0.72974,0.81073,0.63179,0.87625,0.76587,0.05775,0.52697,0.85507,6.445e-05,6.445e-05,6.445e-05
191,810.665,1.00884,0.92943,0.0622,0.63645,0.8737,0.78168,0.74243,0.81158,0.57095,0.78848,0.7425,0.8098,0.62906,0.87972,0.77177,0.05766,0.53188,0.85451,5.95e-05,5.95e-05,5.95e-05
192,814.281,0.99038,0.88269,0.05805,0.61975,0.89034,0.78086,0.7545,0.80457,0.56606,0.78026,0.75375,0.80394,0.62583,0.88994,0.7783,0.05768,0.53958,0.85473,5.455e-05,5.455e-05,5.455e-05
193,818.001,0.95586,0.8554,0.0574,0.5898,0.87573,0.77586,0.75588,0.79939,0.56106,0.78647,0.75597,0.80081,0.62362,0.90267,0.77993,0.05692,0.54546,0.85701,4.96e-05,4.96e-05,4.96e-05
194,821.696,1.00047,0.91933,0.06085,0.60851,0.87695,0.77592,0.75176,0.79856,0.55481,0.7917,0.749,0.79884,0.61707,0.90294,0.78338,0.05619,0.546,0.85764,4.465e-05,4.465e-05,4.465e-05
195,825.231,0.95725,0.8411,0.06276,0.587,0.86953,0.78064,0.74727,0.79894,0.55405,0.79024,0.74575,0.80014,0.61748,0.90718,0.78614,0.056,0.54549,0.85827,3.97e-05,3.97e-05,3.97e-05
196,828.885,0.96541,0.85026,0.05984,0.58832,0.87913,0.78316,0.74694,0.79918,0.55603,0.78902,0.74849,0.80081,0.61525,0.9158,0.78922,0.05609,0.54631,0.85898,3.475e-05,3.475e-05,3.475e-05
197,832.526,0.95833,0.86575,0.0626,0.58022,0.87725,0.78083,0.75397,0.7981,0.55968,0.79598,0.75171,0.7999,0.61591,0.91418,0.78749,0.05622,0.54432,0.85816,2.98e-05,2.98e-05,2.98e-05
198,836.11,0.95322,0.85108,0.05774,0.57426,0.88692,0.79306,0.7534,0.80466,0.56403,0.79935,0.75673,0.80533,0.62317,0.90796,0.7828,0.05622,0.54266,0.85762,2.485e-05,2.485e-05,2.485e-05
199,839.702,0.96354,0.861,0.06208,0.58671,0.87274,0.79105,0.75414,0.80491,0.56389,0.79923,0.75683,0.80586,0.62354,0.90993,0.78339,0.05589,0.54371,0.85808,1.99e-05,1.99e-05,1.99e-05
200,843.314,0.94825,0.83467,0.06057,0.56994,0.88038,0.79481,0.75643,0.80647,0.56473,0.80427,0.7581,0.80756,0.62501,0.90781,0.78226,0.0554,0.54411,0.85785,1.495e-05,1.495e-05,1.495e-05
